Source Notation	Canonical Notation	Meaning	Scope	First Occurrence	Preserve Exactly	Review Status	Notes
I^k_{k-1}	I^k_{k-1}	coarse-to-fine natural injection	Section 6.3	PDF 171	true	reviewed	Subscripts and superscripts preserved
I^{k-1}_k	I^{k-1}_k	fine-to-coarse transpose transfer operator	Section 6.3	PDF 172	true	reviewed	Subscripts and superscripts preserved
MG(k,z_0,g)	MG(k,z_0,g)	kth-level multigrid iteration output	Section 6.3	PDF 172	true	reviewed	Argument order preserved
Lambda_k	Lambda_k	upper bound for the spectral radius of A_k	Section 6.3	PDF 172	true	reviewed	Rendered in TeX as \\Lambda_k
u_S	u_S	Ritz--Galerkin approximation	Chapter 0	PDF 18	true	reviewed	Subscript preserved
u_I	u_I	piecewise linear interpolant	Chapter 0	PDF 22	true	reviewed	Subscript preserved
\\|\\cdot\\|_E	\\|\\cdot\\|_E	energy norm	Chapter 0	PDF 20	true	reviewed	Subscript E preserved
S_\\Delta	S_\\Delta	piecewise constant space on partition Delta	Section 0.8	PDF 28	true	reviewed	Subscript and capital Delta preserved
Q(u,\\Delta)	Q(u,\\Delta)	adaptive approximation quotient	Section 0.8	PDF 29	true	reviewed	Argument order preserved
